-- phpMyAdmin SQL Dump
-- version 5.0.3
-- https://www.phpmyadmin.net/
--
-- Host: 127.0.0.1
-- Generation Time: May 27, 2021 at 01:27 PM
-- Server version: 10.4.14-MariaDB
-- PHP Version: 7.2.34

SET SQL_MODE = "NO_AUTO_VALUE_ON_ZERO";
START TRANSACTION;
SET time_zone = "+00:00";


/*!40101 SET @OLD_CHARACTER_SET_CLIENT=@@CHARACTER_SET_CLIENT */;
/*!40101 SET @OLD_CHARACTER_SET_RESULTS=@@CHARACTER_SET_RESULTS */;
/*!40101 SET @OLD_COLLATION_CONNECTION=@@COLLATION_CONNECTION */;
/*!40101 SET NAMES utf8mb4 */;

--
-- Database: `pl_fan_app`
--

-- --------------------------------------------------------

--
-- Table structure for table `banned_users`
--

CREATE TABLE `banned_users` (
  `username` varchar(20) CHARACTER SET latin1 NOT NULL,
  `bannedBy` varchar(20) CHARACTER SET latin1 NOT NULL,
  `reason` varchar(200) CHARACTER SET latin1 NOT NULL,
  `date` datetime NOT NULL,
  `unBan` datetime DEFAULT NULL
) ENGINE=InnoDB DEFAULT CHARSET=utf8mb4;

--
-- Dumping data for table `banned_users`
--

INSERT INTO `banned_users` (`username`, `bannedBy`, `reason`, `date`, `unBan`) VALUES
('test123', 'admin', 'test ban', '2021-05-26 12:34:51', '2021-05-26 13:34:51');

-- --------------------------------------------------------

--
-- Table structure for table `fantasy_teams`
--

CREATE TABLE `fantasy_teams` (
  `FteamID` int(11) NOT NULL,
  `p1` int(11) NOT NULL,
  `p2` int(11) NOT NULL,
  `p3` int(11) NOT NULL,
  `p4` int(11) NOT NULL,
  `p5` int(11) NOT NULL,
  `p6` int(11) NOT NULL,
  `p7` int(11) NOT NULL,
  `p8` int(11) NOT NULL,
  `p9` int(11) NOT NULL,
  `p10` int(11) NOT NULL,
  `p11` int(11) NOT NULL,
  `score` int(11) NOT NULL,
  `totalPoints` int(11) DEFAULT NULL,
  `FteamName` varchar(30) NOT NULL,
  `creationDate` datetime DEFAULT NULL
) ENGINE=InnoDB DEFAULT CHARSET=latin1;

--
-- Dumping data for table `fantasy_teams`
--

INSERT INTO `fantasy_teams` (`FteamID`, `p1`, `p2`, `p3`, `p4`, `p5`, `p6`, `p7`, `p8`, `p9`, `p10`, `p11`, `score`, `totalPoints`, `FteamName`, `creationDate`) VALUES
(1, 63, 109, 97, 45, 88, 217, 376, 555, 301, 505, 444, 177, 739, 'Test Team', '2021-04-01 16:35:49'),
(3, 69, 420, 376, 183, 76, 225, 109, 333, 289, 401, 290, 278, 490, 'Another Test', '2021-01-12 16:35:37'),
(4, 383, 542, 391, 386, 389, 390, 405, 403, 543, 388, 564, 662, 1181, 'Spurs No1', '2021-01-06 16:35:31'),
(5, 171, 2, 3, 11, 41, 1, 9, 33, 52, 4, 6, 399, 676, 'fdsdfdsf', '2021-02-22 16:35:46'),
(6, 429, 27, 3, 88, 623, 34, 45, 180, 554, 103, 117, 235, 452, 'vccv', '2021-01-01 16:35:25'),
(7, 12, 41, 31, 15, 102, 20, 44, 84, 119, 4, 6, 321, 951, 'dddddddd', '2021-03-17 16:35:42'),
(8, 278, 542, 556, 273, 259, 390, 254, 272, 302, 164, 388, 862, 1865, 'Obi-Wan Iwobi', '2020-12-10 16:34:43'),
(9, 8, 2, 3, 15, 46, 1, 9, 23, 38, 4, 6, 102, 856, 'Bob FC', '2021-04-22 17:42:08'),
(10, 278, 274, 556, 273, 277, 276, 272, 266, 275, 287, 268, 108, 1196, 'City4Life', '2021-04-22 18:03:57'),
(11, 383, 542, 556, 273, 277, 254, 272, 302, 543, 388, 6, 158, 1689, 'OnABreak FC', '2021-04-23 12:40:10'),
(12, 383, 542, 391, 386, 389, 390, 394, 405, 543, 388, 564, 160, 1174, 'COYS', '2021-04-25 16:36:55'),
(13, 8, 2, 3, 13, 27, 1, 9, 45, 38, 4, 6, 81, 728, 'dfssdfsd', '2021-04-28 19:45:21'),
(14, 126, 41, 2, 3, 16, 1, 9, 33, 52, 388, 4, 49, 784, 'gdfgdfg', '2021-05-01 17:23:17'),
(15, 12, 2, 3, 13, 27, 1, 9, 191, 34, 388, 4, 0, 751, 'dsadsa', '2021-05-05 19:48:59'),
(16, 8, 2, 3, 15, 46, 1, 9, 23, 24, 4, 388, 0, NULL, 'test', '2021-05-26 13:21:04');

-- --------------------------------------------------------

--
-- Table structure for table `messages`
--

CREATE TABLE `messages` (
  `messageID` int(11) NOT NULL,
  `text` varchar(500) NOT NULL,
  `dateTime` datetime NOT NULL,
  `username` varchar(20) NOT NULL,
  `teamID` int(11) NOT NULL
) ENGINE=InnoDB DEFAULT CHARSET=latin1;

--
-- Dumping data for table `messages`
--

INSERT INTO `messages` (`messageID`, `text`, `dateTime`, `username`, `teamID`) VALUES
(2, 'Test message', '2020-11-21 16:11:15', 'admin', 17),
(4, 'Another test', '2020-11-21 04:00:00', 'admin', 6),
(5, 'hello this is a test message', '2021-04-06 12:56:39', 'test', 7),
(6, 'This is another test message', '2021-04-06 12:57:08', 'test2', 13),
(8, 'This is a message in the general chat', '2021-04-06 15:50:15', 'test', 0),
(9, 'Up the Fulham!', '2021-04-05 23:01:18', 'test', 8),
(10, 'Fullers!', '2021-04-06 16:04:47', 'test', 8),
(11, 'Come on Fulham! Come on Fulham! Come on Fulham!', '2021-04-06 17:12:42', 'test', 8),
(12, 'Hello Fulham fans!', '2021-04-06 18:01:18', 'Bakess99', 8),
(13, 'anyone watching the game?', '2021-04-06 19:06:16', 'Bakess99', 17),
(14, 'yes I am', '2021-04-06 19:06:58', 'admin', 17),
(15, 'Hello Guys', '2021-04-06 19:40:00', 'test', 0),
(16, 'Hello!', '2021-04-06 19:50:06', 'testMod', 0),
(17, 'Howdy', '2021-04-06 19:55:28', 'admin', 0),
(18, 'sdahasjhasdas', '2021-04-06 19:56:07', 'test', 0),
(19, 'sdfdsfddsfds', '2021-04-06 19:56:53', 'Bakess99', 0),
(20, 'what a game!', '2021-04-06 19:57:40', 'testMod', 0),
(21, 'safdkasdas', '2021-04-06 20:05:14', 'test2', 0),
(22, 'Hello World!', '2021-04-06 23:44:13', 'Bakess99', 0),
(23, 'Hello World!', '2021-04-06 23:45:20', 'Bakess99', 0),
(24, 'Hello World!', '2021-04-06 23:45:23', 'Bakess99', 0),
(25, 'Hello World!', '2021-04-06 23:50:04', 'Bakess99', 0),
(26, 'Hello World!', '2021-04-06 23:53:44', 'Bakess99', 0),
(27, 'Herro Worrd!', '2021-04-06 23:54:25', 'Bakess99', 17),
(28, 'Hi world!', '2021-04-07 12:14:43', 'Bakess99', 0),
(29, 'Test message', '2021-04-07 12:20:39', 'Bakess99', 0),
(30, 'Another test message', '2021-04-07 12:21:09', 'Bakess99', 0),
(31, 'test', '2021-04-07 12:22:05', 'test', 0),
(32, 'hi', '2021-04-07 13:11:37', 'test', 0),
(33, 'hello', '2021-04-07 13:11:59', 'test', 0),
(34, 'Hola', '2021-04-07 13:12:18', 'test', 0),
(35, 'sdsadsa', '2021-04-19 12:19:55', 'admin', 0),
(36, 'fgfdgfdgfd', '2021-04-19 12:19:59', 'admin', 0),
(37, 'vcxvcxv', '2021-04-19 14:13:13', 'Bakess99', 0),
(38, 'hi', '2021-04-22 13:42:52', 'Bakess99', 0),
(39, 'ello', '2021-04-22 13:58:11', 'Bakess99', 0),
(40, 'dsads', '2021-04-22 13:58:13', 'Bakess99', 0),
(41, 'dsadsad', '2021-04-22 13:58:15', 'Bakess99', 0),
(42, 'dsadsa', '2021-04-22 13:58:16', 'Bakess99', 0),
(43, 'dsadsad', '2021-04-22 13:58:18', 'Bakess99', 0),
(44, 'fds', '2021-04-22 13:58:20', 'Bakess99', 0),
(45, 'gfd', '2021-04-22 13:58:21', 'Bakess99', 0),
(46, 'fdfds', '2021-04-22 13:58:29', 'Bakess99', 1),
(47, 'vfdsf', '2021-04-22 13:58:34', 'Bakess99', 1),
(48, 'fsdfds', '2021-04-22 13:58:37', 'Bakess99', 1),
(49, 'dsasasasasasasasasasa dsasa sa dsa das das dasdasdddddddddddd af ddsf dsf ds fds fsdf sds fdssssssssd fds fds f', '2021-04-22 14:00:18', 'Bakess99', 0),
(50, 'dsdsada', '2021-04-22 14:08:18', 'test', 0),
(51, 'test message', '2021-04-22 14:08:25', 'test', 0),
(52, 'fdsf', '2021-04-22 14:10:06', 'test', 2),
(53, 'fdsf', '2021-04-22 14:10:12', 'test', 2),
(54, 'Hi :/', '2021-04-23 11:36:57', 'On a Break', 0),
(55, 'We were on a break!', '2021-04-23 11:37:22', 'On a Break', 1),
(56, 'hi', '2021-04-23 11:37:33', 'On a Break', 9),
(57, 'cxzcxz', '2021-04-23 12:03:11', 'testMod', 0),
(58, 'xcxzczzxcczxc', '2021-04-24 14:51:33', 'testMod', 0),
(59, 'Hello everyone Gareth Bale here!', '2021-04-25 15:35:26', 'Gbale1', 0),
(60, 'fsdfsdfsdfsfsd', '2021-04-28 18:54:47', 'Bakess99', 0),
(61, 'bfgdfgdf', '2021-05-01 16:18:33', 'test', 0),
(62, 'dhgdfgfd', '2021-05-01 16:19:03', 'test', 1),
(63, 'ffsfsdfds', '2021-05-05 18:45:04', 'Bakess99', 0),
(64, 'fdsfs', '2021-05-05 18:45:05', 'Bakess99', 0),
(65, 'ffdsfsdf', '2021-05-05 18:45:07', 'Bakess99', 0),
(66, 'dasdasdas', '2021-05-05 18:45:21', 'Bakess99', 17),
(67, 'hfghfgh', '2021-05-05 18:46:13', 'Bakess99', 1),
(68, 'Hi everyone, does anyone know what time Chelsea are playing today?', '2021-05-25 10:18:35', 'Jsmith1', 0),
(69, 'I think it starts at 4:30pm Jsmith1', '2021-05-25 10:21:19', 'Bakess99', 0),
(70, 'Okay thank you Bakess99!', '2021-05-25 10:22:19', 'Jsmith1', 0),
(71, 'Hey guys who do you think will win today, Chelsea or Spurs???', '2021-05-25 10:25:16', 'smithyBoy', 0),
(72, 'Chelsea 100%!!!!! Come on Chelsea! Come on Chelsea!', '2021-05-25 10:26:40', 'on a break', 0),
(73, 'No way! Spurs are gonna win. Come on you Spurs!!!', '2021-05-25 10:09:51', 'Bakess99', 0),
(78, 'who is everyones favourite Arsenal player?', '2021-05-21 15:54:55', 'DonRobbie', 1),
(79, 'My favourite is Pierre-Emerick Aubameyang', '2021-05-21 15:58:33', 'AF_claude', 1),
(80, 'mine is Lacazette', '2021-05-21 16:00:05', 'AF_DT', 1),
(81, 'Aubameyang is way better though', '2021-05-21 16:00:48', 'AF_claude', 1),
(82, 'Nah you are all wrong our best player is Partey!', '2021-05-21 16:02:08', 'Troopz', 1),
(83, 'None of your players are as good as Tottenham players!', '2021-05-21 16:03:00', 'Bakess99', 1),
(84, 'test message', '2021-05-25 12:13:31', 'Bakess99', 0),
(85, 'hello this is a test message', '2021-05-25 12:15:45', 'Bakess99', 0),
(86, 'test message', '2021-05-25 12:19:03', 'Bakess99', 0),
(87, 'test message', '2021-05-25 16:34:00', 'test1234', 0),
(88, 'test message', '2021-05-25 16:52:59', 'test123', 0);

-- --------------------------------------------------------

--
-- Table structure for table `players`
--

CREATE TABLE `players` (
  `playerID` int(11) NOT NULL,
  `FName` varchar(30) NOT NULL,
  `LName` varchar(50) NOT NULL,
  `webname` varchar(50) NOT NULL,
  `position` varchar(20) NOT NULL,
  `FPoints` int(11) NOT NULL,
  `form` decimal(3,1) NOT NULL,
  `teamID` int(11) NOT NULL
) ENGINE=InnoDB DEFAULT CHARSET=utf8mb4;

--
-- Dumping data for table `players`
--

INSERT INTO `players` (`playerID`, `FName`, `LName`, `webname`, `position`, `FPoints`, `form`, `teamID`) VALUES
(1, 'Mesut', 'Özil', 'Özil', 'Midfielder', 0, '0.0', 1),
(2, 'Sokratis', 'Papastathopoulos', 'Sokratis', 'Defender', 0, '0.0', 1),
(3, 'David', 'Luiz Moreira Marinho', 'David Luiz', 'Defender', 41, '0.2', 1),
(4, 'Pierre-Emerick', 'Aubameyang', 'Aubameyang', 'Forward', 128, '4.0', 1),
(5, 'Cédric', 'Soares', 'Cédric', 'Defender', 28, '0.0', 1),
(6, 'Alexandre', 'Lacazette', 'Lacazette', 'Forward', 128, '0.4', 1),
(7, 'Shkodran', 'Mustafi', 'Mustafi', 'Defender', 3, '0.0', 1),
(8, 'Bernd', 'Leno', 'Leno', 'Goalkeeper', 124, '2.8', 1),
(9, 'Granit', 'Xhaka', 'Xhaka', 'Midfielder', 67, '1.0', 1),
(10, 'Pablo', 'Marí', 'Marí', 'Defender', 34, '1.6', 1),
(11, 'Héctor', 'Bellerín', 'Bellerín', 'Defender', 94, '1.8', 1),
(12, 'Emiliano', 'Martínez', 'Martínez', 'Goalkeeper', 183, '3.1', 2),
(13, 'Calum', 'Chambers', 'Chambers', 'Defender', 25, '2.2', 1),
(14, 'Sead', 'Kolasinac', 'Kolasinac', 'Defender', 2, '0.0', 1),
(15, 'Ainsley', 'Maitland-Niles', 'Maitland-Niles', 'Defender', 67, '1.7', 1),
(16, 'Rob', 'Holding', 'Holding', 'Defender', 98, '2.6', 1),
(17, 'Kieran', 'Tierney', 'Tierney', 'Defender', 90, '2.4', 1),
(18, 'Nicolas', 'Pépé', 'Pépé', 'Forward', 98, '5.6', 1),
(19, 'Lucas', 'Torreira', 'Torreira', 'Midfielder', 0, '0.0', 1),
(20, 'Joseph', 'Willock', 'Willock', 'Midfielder', 71, '6.0', 1),
(21, 'Reiss', 'Nelson', 'Nelson', 'Forward', 2, '0.0', 1),
(22, 'Edward', 'Nketiah', 'Nketiah', 'Forward', 36, '0.4', 1),
(23, 'Emile', 'Smith Rowe', 'Smith Rowe', 'Midfielder', 71, '4.6', 1),
(24, 'Bukayo', 'Saka', 'Saka', 'Midfielder', 113, '2.4', 1),
(25, 'Matteo', 'Guendouzi', 'Guendouzi', 'Midfielder', 0, '0.0', 1),
(26, 'Gabriel Teodoro', 'Martinelli Silva', 'Martinelli', 'Forward', 35, '2.8', 1),
(27, 'William', 'Saliba', 'Saliba', 'Defender', 0, '0.0', 1),
(28, 'Tom', 'Heaton', 'Heaton', 'Goalkeeper', 0, '0.0', 2),
(29, 'Ahmed', 'El Mohamady', 'El Mohamady', 'Defender', 33, '0.4', 2),
(30, 'Henri', 'Lansbury', 'Lansbury', 'Midfielder', 0, '0.0', 2),
(31, 'Neil', 'Taylor', 'Taylor', 'Defender', -1, '0.0', 2),
(32, 'Jed', 'Steer', 'Steer', 'Goalkeeper', 0, '0.0', 2),
(33, 'Conor', 'Hourihane', 'Hourihane', 'Midfielder', 20, '0.0', 2),
(34, 'José Ignacio', 'Peleteiro Romallo', 'Jota', 'Midfielder', 0, '0.0', 2),
(35, 'Ørjan', 'Nyland', 'Nyland', 'Goalkeeper', 0, '0.0', 2),
(36, 'Bjorn', 'Engels', 'Engels', 'Defender', 0, '0.0', 2),
(37, 'Jack', 'Grealish', 'Grealish', 'Midfielder', 133, '0.6', 2),
(38, 'John', 'McGinn', 'McGinn', 'Midfielder', 113, '3.0', 2),
(39, 'Kortney', 'Hause', 'Hause', 'Defender', 30, '0.3', 2),
(40, 'Mahmoud Ahmed', 'Ibrahim Hassan', 'Trézéguet', 'Midfielder', 56, '0.0', 2),
(41, 'Tyrone', 'Mings', 'Mings', 'Defender', 126, '1.6', 2),
(42, 'Matt', 'Targett', 'Targett', 'Defender', 133, '2.1', 2),
(43, 'James', 'Bree', 'Bree', 'Defender', 0, '0.0', 2),
(44, 'Marvelous', 'Nakamba', 'Nakamba', 'Midfielder', 26, '1.1', 2),
(45, 'Anwar', 'El Ghazi', 'El Ghazi', 'Midfielder', 102, '4.3', 2),
(46, 'Ezri', 'Konsa Ngoyo', 'Konsa', 'Defender', 117, '2.1', 2),
(47, 'Frédéric', 'Guilbert', 'Guilbert', 'Defender', 0, '0.0', 2),
(48, 'Wesley', 'Moraes', 'Wesley', 'Forward', 3, '0.4', 2),
(49, 'Mbwana', 'Samatta', 'Samatta', 'Forward', 0, '0.0', 2),
(50, 'Keinan', 'Davis', 'Davis', 'Midfielder', 23, '1.6', 2),
(51, 'Indiana', 'Vassilev', 'Vassilev', 'Forward', 0, '0.0', 2),
(52, 'Douglas Luiz', 'Soares de Paulo', 'Douglas Luiz', 'Midfielder', 72, '1.9', 2),
(53, 'Glenn', 'Murray', 'Murray', 'Forward', 0, '0.0', 3),
(54, 'Adam', 'Lallana', 'Lallana', 'Midfielder', 57, '0.8', 3),
(55, 'Dale', 'Stephens', 'Stephens', 'Midfielder', 8, '0.0', 4),
(56, 'David', 'Button', 'Button', 'Goalkeeper', 2, '0.0', 18),
(57, 'Pascal', 'Groß', 'Groß', 'Midfielder', 114, '4.6', 3),
(58, 'Shane', 'Duffy', 'Duffy', 'Defender', 0, '0.0', 3),
(59, 'Davy', 'Pröpper', 'Pröpper', 'Midfielder', 9, '0.0', 3),
(60, 'Aaron', 'Mooy', 'Mooy', 'Midfielder', 0, '0.0', 3),
(61, 'Dan', 'Burn', 'Burn', 'Defender', 63, '3.4', 3),
(62, 'Lewis', 'Dunk', 'Dunk', 'Defender', 129, '2.6', 3),
(63, 'Martín', 'Montoya', 'Montoya', 'Defender', 0, '0.0', 3),
(64, 'Florin', 'Andone', 'Andone', 'Forward', 0, '0.0', 3),
(65, 'Solomon', 'March', 'March', 'Midfielder', 69, '0.0', 3),
(66, 'Adam', 'Webster', 'Webster', 'Defender', 84, '3.4', 3),
(67, 'Joël', 'Veltman', 'Veltman', 'Defender', 96, '1.6', 3),
(68, 'Neal', 'Maupay', 'Maupay', 'Forward', 105, '0.6', 3),
(69, 'Leandro', 'Trossard', 'Trossard', 'Forward', 131, '3.6', 3),
(70, 'Mathew', 'Ryan', 'Ryan', 'Goalkeeper', 37, '1.2', 3),
(71, 'Alireza', 'Jahanbakhsh', 'Jahanbakhsh', 'Forward', 23, '1.2', 3),
(72, 'José', 'Izquierdo', 'Izquierdo', 'Forward', 1, '0.2', 3),
(73, 'Matthew', 'Clarke', 'Clarke', 'Defender', 0, '0.0', 3),
(74, 'Ben', 'White', 'White', 'Defender', 103, '2.0', 3),
(75, 'Bernardo', 'Fernandes da Silva Junior', 'Bernardo', 'Defender', 5, '0.0', 3),
(76, 'Yves', 'Bissouma', 'Bissouma', 'Midfielder', 75, '1.8', 3),
(77, 'Tariq', 'Lamptey', 'Lamptey', 'Defender', 35, '0.0', 3),
(78, 'Aaron', 'Connolly', 'Connolly', 'Defender', 37, '0.2', 3),
(79, 'Steven', 'Alzate', 'Alzate', 'Midfielder', 34, '1.0', 3),
(80, 'Alexis', 'Mac Allister', 'Mac Allister', 'Midfielder', 46, '0.8', 3),
(81, 'James', 'Tarkowski', 'Tarkowski', 'Defender', 107, '3.2', 4),
(82, 'Phil', 'Bardsley', 'Bardsley', 'Defender', 2, '0.0', 4),
(83, 'Erik', 'Pieters', 'Pieters', 'Defender', 50, '0.0', 4),
(84, 'Jack', 'Cork', 'Cork', 'Midfielder', 31, '2.4', 4),
(85, 'Kevin', 'Long', 'Long', 'Defender', 14, '0.0', 4),
(86, 'Jay', 'Rodriguez', 'Rodriguez', 'Forward', 53, '0.8', 4),
(87, 'Ashley', 'Barnes', 'Barnes', 'Forward', 51, '0.6', 4),
(88, 'Ben', 'Mee', 'Mee', 'Defender', 102, '2.6', 4),
(89, 'Ashley', 'Westwood', 'Westwood', 'Midfielder', 110, '4.8', 4),
(90, 'Johann Berg', 'Gudmundsson', 'Gudmundsson', 'Midfielder', 48, '0.6', 4),
(91, 'Chris', 'Wood', 'Wood', 'Forward', 136, '7.2', 4),
(92, 'Matthew', 'Lowton', 'Lowton', 'Forward', 101, '3.2', 4),
(93, 'Matej', 'Vydra', 'Vydra', 'Midfielder', 61, '2.4', 4),
(94, 'Ben', 'Gibson', 'Gibson', 'Defender', 0, '0.0', 4),
(95, 'Robbie', 'Brady', 'Brady', 'Midfielder', 44, '0.0', 4),
(96, 'Nick', 'Pope', 'Pope', 'Goalkeeper', 144, '2.8', 4),
(97, 'Charlie', 'Taylor', 'Taylor', 'Defender', 81, '3.2', 4),
(98, 'Josh', 'Brownhill', 'Brownhill', 'Midfielder', 73, '3.0', 4),
(99, 'Bailey', 'Peacock-Farrell', 'Peacock-Farrell', 'Goalkeeper', 3, '0.0', 4),
(100, 'Dwight', 'McNeil', 'McNeil', 'Midfielder', 111, '4.0', 4),
(101, 'Willy', 'Caballero', 'Caballero', 'Goalkeeper', 1, '0.0', 5),
(102, 'César', 'Azpilicueta', 'Azpilicueta', 'Defender', 115, '3.2', 5),
(103, 'Olivier', 'Giroud', 'Giroud', 'Forward', 47, '0.4', 5),
(104, 'Marcos', 'Alonso', 'Alonso', 'Defender', 57, '1.8', 5),
(105, 'Jorge Luiz', 'Frello Filho', 'Jorginho', 'Midfielder', 114, '3.2', 5),
(106, 'Ross', 'Barkley', 'Barkley', 'Midfielder', 76, '1.9', 2),
(107, 'Mateo', 'Kovacic', 'Kovacic', 'Midfielder', 53, '0.2', 5),
(108, 'Michy', 'Batshuayi', 'Batshuayi', 'Forward', 41, '0.2', 6),
(109, 'Antonio', 'Rüdiger', 'Rüdiger', 'Defender', 92, '3.8', 5),
(110, 'Kurt', 'Zouma', 'Zouma', 'Defender', 108, '1.8', 5),
(111, 'Emerson', 'Palmieri dos Santos', 'Emerson', 'Defender', 7, '0.0', 5),
(112, 'Kepa', 'Arrizabalaga', 'Arrizabalaga', 'Goalkeeper', 26, '0.4', 5),
(113, 'N\'Golo', 'Kanté', 'Kanté', 'Midfielder', 62, '1.2', 5),
(114, 'Hakim', 'Ziyech', 'Ziyech', 'Midfielder', 69, '2.8', 5),
(115, 'Ruben', 'Loftus-Cheek', 'Loftus-Cheek', 'Midfielder', 65, '0.5', 8),
(116, 'Andreas', 'Christensen', 'Christensen', 'Defender', 61, '2.8', 5),
(117, 'Timo', 'Werner', 'Werner', 'Forward', 127, '4.0', 5),
(118, 'Tammy', 'Abraham', 'Abraham', 'Forward', 69, '0.4', 5),
(119, 'Christian', 'Pulisic', 'Pulisic', 'Midfielder', 77, '1.8', 5),
(120, 'Mason', 'Mount', 'Mount', 'Midfielder', 145, '2.6', 5),
(121, 'Fikayo', 'Tomori', 'Tomori', 'Defender', 0, '0.0', 5),
(122, 'Callum', 'Hudson-Odoi', 'Hudson-Odoi', 'Midfielder', 59, '0.4', 5),
(123, 'Reece', 'James', 'James', 'Defender', 111, '2.6', 5),
(124, 'Billy', 'Gilmour', 'Gilmour', 'Midfielder', 8, '1.2', 5),
(125, 'Gary', 'Cahill', 'Cahill', 'Defender', 52, '2.2', 6),
(126, 'Wayne', 'Hennessey', 'Hennessey', 'Goalkeeper', 0, '0.0', 6),
(127, 'Mamadou', 'Sakho', 'Sakho', 'Defender', 4, '0.0', 6),
(128, 'Vicente', 'Guaita', 'Guaita', 'Goalkeeper', 122, '2.0', 6),
(129, 'James', 'Tomkins', 'Tomkins', 'Defender', 17, '0.3', 6),
(130, 'James', 'McArthur', 'McArthur', 'Midfielder', 45, '0.0', 6),
(131, 'James', 'McCarthy', 'McCarthy', 'Midfielder', 24, '0.8', 6),
(132, 'Christian', 'Benteke', 'Benteke', 'Forward', 106, '5.3', 6),
(133, 'Cheikhou', 'Kouyaté', 'Kouyaté', 'Midfielder', 80, '1.7', 6),
(134, 'Joel', 'Ward', 'Ward', 'Defender', 65, '1.5', 6),
(135, 'Martin', 'Kelly', 'Kelly', 'Defender', 0, '0.0', 6),
(136, 'Connor', 'Wickham', 'Wickham', 'Forward', 0, '0.0', 6),
(137, 'Andros', 'Townsend', 'Townsend', 'Midfielder', 92, '2.5', 6),
(138, 'Luka', 'Milivojevic', 'Milivojevic', 'Midfielder', 63, '1.0', 6),
(139, 'Patrick', 'van Aanholt', 'van Aanholt', 'Defender', 53, '0.2', 6),
(140, 'Jordan', 'Ayew', 'Ayew', 'Forward', 69, '1.0', 6),
(141, 'Wilfried', 'Zaha', 'Zaha', 'Forward', 134, '3.5', 6),
(142, 'Jeffrey', 'Schlupp', 'Schlupp', 'Midfielder', 64, '1.5', 6),
(143, 'Max', 'Meyer', 'Meyer', 'Midfielder', 0, '0.0', 6),
(144, 'Jairo', 'Riedewald', 'Riedewald', 'Defender', 63, '1.0', 6),
(145, 'Nathan', 'Ferguson', 'Ferguson', 'Defender', 0, '0.0', 6),
(146, 'Tyrick', 'Mitchell', 'Mitchell', 'Defender', 57, '3.7', 6),
(147, 'Brandon', 'Pierrick', 'Pierrick', 'Forward', 0, '0.0', 6),
(148, 'Theo', 'Walcott', 'Walcott', 'Forward', 76, '2.0', 16),
(149, 'Fabian', 'Delph', 'Delph', 'Defender', 8, '0.3', 7),
(150, 'Gylfi', 'Sigurdsson', 'Sigurdsson', 'Midfielder', 123, '2.8', 7),
(151, 'Jonas', 'Lössl', 'Lössl', 'Goalkeeper', 0, '0.0', 7),
(152, 'Seamus', 'Coleman', 'Coleman', 'Defender', 81, '4.7', 7),
(153, 'Cenk', 'Tosun', 'Tosun', 'Forward', 4, '0.0', 7),
(154, 'Bernard', 'Anício Caldeira Duarte', 'Bernard', 'Forward', 20, '0.3', 7),
(155, 'Lucas', 'Digne', 'Digne', 'Defender', 120, '6.2', 7),
(156, 'Michael', 'Keane', 'Keane', 'Defender', 127, '3.5', 7),
(157, 'Jordan', 'Pickford', 'Pickford', 'Goalkeeper', 112, '5.3', 7),
(158, 'André Filipe', 'Tavares Gomes', 'André Gomes', 'Midfielder', 48, '1.3', 7),
(159, 'Alex', 'Iwobi', 'Iwobi', 'Forward', 64, '0.5', 7),
(160, 'Jonjoe', 'Kenny', 'Kenny', 'Defender', 5, '0.0', 7),
(161, 'Jean-Philippe', 'Gbamin', 'Gbamin', 'Midfielder', 1, '0.0', 7),
(162, 'Yerry', 'Mina', 'Mina', 'Defender', 79, '2.5', 7),
(163, 'Tom', 'Davies', 'Davies', 'Midfielder', 45, '0.8', 7),
(164, 'Dominic', 'Calvert-Lewin', 'Calvert-Lewin', 'Forward', 163, '4.2', 7),
(165, 'Mason', 'Holgate', 'Holgate', 'Defender', 81, '2.5', 7),
(166, 'Richarlison', 'de Andrade', 'Richarlison', 'Forward', 122, '3.7', 7),
(167, 'João', 'Virgínia', 'Virgínia', 'Goalkeeper', 2, '0.0', 7),
(168, 'Anthony', 'Gordon', 'Gordon', 'Forward', 3, '0.0', 7),
(169, 'Moise', 'Kean', 'Kean', 'Forward', 2, '0.0', 7),
(170, 'Jarrad', 'Branthwaite', 'Branthwaite', 'Defender', 0, '0.0', 7),
(171, 'Fabricio', 'Agosto Ramírez', 'Fabri', 'Goalkeeper', 0, '0.0', 8),
(172, 'Kevin', 'McDonald', 'McDonald', 'Midfielder', 0, '0.0', 8),
(173, 'Maxime', 'Le Marchand', 'Le Marchand', 'Defender', 1, '0.0', 8),
(174, 'Stefan', 'Johansen', 'Johansen', 'Defender', 0, '0.0', 8),
(175, 'Tom', 'Cairney', 'Cairney', 'Midfielder', 27, '0.0', 8),
(176, 'Tim', 'Ream', 'Ream', 'Defender', 9, '0.5', 8),
(177, 'Anthony', 'Knockaert', 'Knockaert', 'Midfielder', 0, '0.0', 8),
(178, 'Michael', 'Hector', 'Hector', 'Defender', 0, '0.0', 8),
(179, 'Cyrus', 'Christie', 'Christie', 'Defender', 0, '0.0', 8),
(180, 'Neeskens', 'Kebano', 'Kebano', 'Midfielder', 6, '0.0', 8),
(181, 'Bobby', 'Decordova-Reid', 'Decordova-Reid', 'Forward', 86, '3.5', 8),
(182, 'Joe', 'Bryan', 'Bryan', 'Defender', 25, '2.8', 8),
(183, 'Marcus', 'Bettinelli', 'Bettinelli', 'Goalkeeper', 0, '0.0', 8),
(184, 'Aleksandar', 'Mitrović', 'Mitrović', 'Forward', 63, '0.8', 8),
(185, 'Alfie', 'Mawson', 'Mawson', 'Defender', 0, '0.0', 8),
(186, 'Marek', 'Rodák', 'Rodák', 'Goalkeeper', 1, '0.0', 8),
(187, 'Ivan Ricardo', 'Neves Abreu Cavaleiro', 'Cavaleiro', 'Forward', 83, '2.0', 8),
(188, 'Josh', 'Onomah', 'Onomah', 'Midfielder', 11, '1.0', 8),
(189, 'Jean Michaël', 'Seri', 'Seri', 'Midfielder', 0, '0.0', 8),
(190, 'Aboubakar', 'Kamara', 'Kamara', 'Forward', 8, '0.0', 8),
(191, 'André-Frank', 'Zambo Anguissa', 'Anguissa', 'Midfielder', 75, '1.8', 8),
(192, 'Zeze Steven', 'Sessegnon', 'Sessegnon', 'Defender', 0, '0.0', 8),
(193, 'Pablo', 'Hernández Domínguez', 'Hernández', 'Midfielder', 22, '0.2', 10),
(194, 'Francisco', 'Casilla Cortés', 'Casilla', 'Goalkeeper', 11, '1.8', 10),
(195, 'Liam', 'Cooper', 'Cooper', 'Defender', 58, '1.2', 10),
(196, 'Barry', 'Douglas', 'Douglas', 'Defender', 0, '0.0', 10),
(197, 'Luke', 'Ayling', 'Ayling', 'Defender', 98, '4.0', 10),
(198, 'Mateusz', 'Klich', 'Klich', 'Midfielder', 99, '2.6', 10),
(199, 'Adam', 'Forshaw', 'Forshaw', 'Midfielder', 0, '0.0', 10),
(200, 'Stuart', 'Dallas', 'Dallas', 'Midfielder', 169, '5.4', 10),
(201, 'Ezgjan', 'Alioski', 'Alioski', 'Midfielder', 108, '5.4', 10),
(202, 'Patrick', 'Bamford', 'Bamford', 'Forward', 188, '4.8', 10),
(203, 'Jack', 'Harrison', 'Harrison', 'Midfielder', 155, '5.2', 10),
(204, 'Kalvin', 'Phillips', 'Phillips', 'Midfielder', 61, '1.2', 10),
(205, 'Hélder Wander', 'Sousa de Azevedo e Costa', 'Costa', 'Forward', 63, '0.6', 10),
(206, 'Tyler', 'Roberts', 'Roberts', 'Forward', 48, '2.4', 10),
(207, 'Jay-Roy', 'Grot', 'Grot', 'Forward', 0, '0.0', 10),
(208, 'Kamil', 'Miazek', 'Miazek', 'Goalkeeper', 0, '0.0', 10),
(209, 'Ian Carlo', 'Poveda-Ocampo', 'Poveda-Ocampo', 'Midfielder', 14, '0.6', 10),
(210, 'Jamie', 'Shackleton', 'Shackleton', 'Midfielder', 17, '0.0', 10),
(211, 'Pascal', 'Struijk', 'Struijk', 'Defender', 70, '3.0', 10),
(212, 'Jordan', 'Stevens', 'Stevens', 'Midfielder', 0, '0.0', 10),
(213, 'Illan', 'Meslier', 'Meslier', 'Goalkeeper', 154, '3.6', 10),
(214, 'Leif', 'Davis', 'Davis', 'Defender', 2, '0.0', 10),
(215, 'Oliver', 'Casey', 'Casey', 'Defender', 0, '0.0', 10),
(216, 'Wes', 'Morgan', 'Morgan', 'Defender', 3, '0.0', 9),
(217, 'Kasper', 'Schmeichel', 'Schmeichel', 'Goalkeeper', 130, '2.3', 9),
(218, 'Christian', 'Fuchs', 'Fuchs', 'Defender', 24, '0.0', 9),
(219, 'Jonny', 'Evans', 'Evans', 'Defender', 109, '5.0', 9),
(220, 'Adrien', 'Silva', 'Silva', 'Goalkeeper', 0, '0.0', 9),
(221, 'Marc', 'Albrighton', 'Albrighton', 'Midfielder', 76, '3.3', 9),
(222, 'Matty', 'James', 'James', 'Midfielder', 0, '0.0', 9),
(223, 'Danny', 'Ward', 'Ward', 'Forward', 0, '0.0', 9),
(224, 'Jamie', 'Vardy', 'Vardy', 'Forward', 174, '3.8', 9),
(225, 'Dennis', 'Praet', 'Praet', 'Midfielder', 37, '0.2', 9),
(226, 'Ricardo Domingos', 'Barbosa Pereira', 'Pereira', 'Defender', 27, '0.2', 9),
(227, 'Daniel', 'Amartey', 'Amartey', 'Defender', 19, '-0.2', 9),
(228, 'Youri', 'Tielemans', 'Tielemans', 'Midfielder', 131, '2.7', 9),
(229, 'Ayoze', 'Pérez', 'Pérez', 'Forward', 57, '1.7', 9),
(230, 'Demarai', 'Gray', 'Gray', 'Midfielder', 1, '0.0', 9),
(231, 'James', 'Maddison', 'Maddison', 'Midfielder', 131, '1.8', 9),
(232, 'Benjamin', 'Chilwell', 'Chilwell', 'Midfielder', 131, '5.0', 5),
(233, 'Kelechi', 'Iheanacho', 'Iheanacho', 'Forward', 108, '6.3', 9),
(234, 'Hamza', 'Choudhury', 'Choudhury', 'Midfielder', 14, '0.2', 9),
(235, 'Harvey', 'Barnes', 'Barnes', 'Midfielder', 126, '0.0', 9),
(236, 'Wilfred', 'Ndidi', 'Ndidi', 'Midfielder', 77, '2.8', 9),
(237, 'Filip', 'Benkovic', 'Benkovic', 'Defender', 0, '0.0', 9),
(238, 'Çaglar', 'Söyüncü', 'Söyüncü', 'Defender', 59, '3.7', 9),
(239, 'James', 'Justin', 'Justin', 'Defender', 101, '0.0', 9),
(240, 'Luke', 'Thomas', 'Thomas', 'Defender', 26, '3.3', 9),
(241, 'James', 'Milner', 'Milner', 'Midfielder', 44, '0.4', 11),
(242, 'Konstantinos', 'Tsimikas', 'Tsimikas', 'Defender', 2, '0.2', 11),
(243, 'Georginio', 'Wijnaldum', 'Wijnaldum', 'Midfielder', 94, '2.2', 11),
(244, 'Jordan', 'Henderson', 'Henderson', 'Midfielder', 56, '0.0', 11),
(245, 'Adrián', 'San Miguel del Castillo', 'Adrián', 'Goalkeeper', 11, '0.0', 11),
(246, 'Joel', 'Matip', 'Matip', 'Defender', 42, '0.0', 11),
(247, 'Xherdan', 'Shaqiri', 'Shaqiri', 'Midfielder', 26, '0.2', 11),
(248, 'Alex', 'Oxlade-Chamberlain', 'Chamberlain', 'Midfielder', 20, '1.4', 11),
(249, 'Roberto', 'Firmino', 'Firmino', 'Forward', 136, '5.8', 11),
(250, 'Virgil', 'van Dijk', 'van Dijk', 'Defender', 15, '0.0', 11),
(251, 'Sadio', 'Mané', 'Mané', 'Midfielder', 160, '5.0', 11),
(252, 'Alisson', 'Ramses Becker', 'Alisson', 'Goalkeeper', 132, '6.2', 11),
(253, 'Fabio Henrique', 'Tavares', 'Fabinho', 'Midfielder', 68, '2.2', 11),
(254, 'Mohamed', 'Salah', 'Salah', 'Midfielder', 225, '7.0', 11),
(255, 'Andrew', 'Robertson', 'Robertson', 'Defender', 153, '5.4', 11),
(256, 'Divock', 'Origi', 'Origi', 'Forward', 10, '0.0', 11),
(257, 'Harry', 'Wilson', 'Harry Wilson', 'Midfielder', 0, '0.0', 11),
(258, 'Takumi', 'Minamino', 'Minamino', 'Forward', 46, '0.8', 11),
(259, 'Trent', 'Alexander-Arnold', 'Alexander-Arnold', 'Defender', 155, '6.0', 11),
(260, 'Joseph', 'Gomez', 'Gomez', 'Defender', 10, '0.0', 11),
(261, 'Naby', 'Keita', 'Keita', 'Midfielder', 15, '0.0', 11),
(262, 'Rhian', 'Brewster', 'Brewster', 'Forward', 33, '0.8', 15),
(263, 'Curtis', 'Jones', 'Jones', 'Midfielder', 50, '1.4', 11),
(264, 'Neco', 'Williams', 'Neco Williams', 'Defender', 11, '0.2', 11),
(265, 'Harvey', 'Elliott', 'Elliott', 'Midfielder', 0, '0.0', 11),
(266, 'Fernando', 'Luiz Rosa', 'Fernandinho', 'Midfielder', 50, '1.2', 12),
(267, 'Claudio', 'Bravo', 'Bravo', 'Goalkeeper', 0, '0.0', 12),
(268, 'Sergio', 'Agüero', 'Agüero', 'Forward', 28, '2.2', 12),
(269, 'Nicolás', 'Otamendi', 'Otamendi', 'Defender', 0, '0.0', 12),
(270, 'Kyle', 'Walker', 'Walker', 'Defender', 85, '0.6', 12),
(271, 'Ilkay', 'Gündogan', 'Gündogan', 'Midfielder', 157, '2.8', 12),
(272, 'Kevin', 'De Bruyne', 'De Bruyne', 'Midfielder', 128, '0.0', 12),
(273, 'John', 'Stones', 'Stones', 'Defender', 122, '-0.2', 12),
(274, 'Benjamin', 'Mendy', 'Mendy', 'Defender', 63, '3.0', 12),
(275, 'Riyad', 'Mahrez', 'Mahrez', 'Midfielder', 139, '1.4', 12),
(276, 'Raheem', 'Sterling', 'Sterling', 'Midfielder', 149, '2.2', 12),
(277, 'João Pedro Cavaco', 'Cancelo', 'Cancelo', 'Defender', 138, '3.0', 12),
(278, 'Ederson', 'Santana de Moraes', 'Ederson', 'Goalkeeper', 148, '2.6', 12),
(279, 'Nathan', 'Aké', 'Aké', 'Defender', 29, '1.6', 12),
(280, 'Aymeric', 'Laporte', 'Laporte', 'Defender', 58, '1.6', 12),
(281, 'Bernardo Mota', 'Veiga de Carvalho e Silva', 'Bernardo Silva', 'Midfielder', 94, '2.8', 12),
(282, 'Gabriel Fernando', 'de Jesus', 'Jesus', 'Midfielder', 109, '2.0', 12),
(283, 'Oleksandr', 'Zinchenko', 'Zinchenko', 'Defender', 63, '1.0', 12),
(284, 'Phil', 'Foden', 'Foden', 'Forward', 129, '4.0', 12),
(285, 'Tommy', 'Doyle', 'Doyle', 'Midfielder', 0, '0.0', 12),
(286, 'Rodrigo', 'Hernandez', 'Rodrigo', 'Midfielder', 90, '3.6', 12),
(287, 'Ferran', 'Torres', 'Torres', 'Forward', 94, '6.4', 12),
(288, 'Eric', 'Garcia', 'Garcia', 'Defender', 6, '0.4', 12),
(289, 'Sergio', 'Romero', 'Romero', 'Goalkeeper', 0, '0.0', 13),
(290, 'Juan', 'Mata', 'Mata', 'Midfielder', 22, '0.4', 13),
(291, 'David', 'de Gea', 'de Gea', 'Goalkeepr', 91, '0.8', 13),
(292, 'Chris', 'Smalling', 'Smalling', 'Defender', 0, '0.0', 13),
(293, 'Odion', 'Ighalo', 'Ighalo', 'Forward', 1, '0.0', 13),
(294, 'Marcos', 'Rojo', 'Rojo', 'Defender', 0, '0.0', 13),
(295, 'Nemanja', 'Matic', 'Matic', 'Midfielder', 34, '0.8', 13),
(296, 'Paul', 'Pogba', 'Pogba', 'Midfielder', 92, '2.0', 13),
(297, 'Phil', 'Jones', 'Jones', 'Defender', 0, '0.0', 13),
(298, 'Harry', 'Maguire', 'Maguire', 'Defender', 124, '1.2', 13),
(299, 'Frederico', 'Rodrigues de Paula Santos', 'Fred', 'Midfielder', 69, '1.8', 13),
(300, 'Luke', 'Shaw', 'Shaw', 'Defender', 124, '2.2', 13),
(301, 'Jesse', 'Lingard', 'Lingard', 'Midfielder', 103, '2.8', 13),
(302, 'Bruno Miguel', 'Borges Fernandes', 'Fernandes', 'Midfielder', 244, '5.2', 13),
(303, 'Anthony', 'Martial', 'Martial', 'Midfielder', 75, '0.0', 13),
(304, 'Andreas', 'Pereira', 'Pereira', 'Midfielder', 0, '0.0', 13),
(305, 'Dean', 'Henderson', 'Henderson', 'Goalkeeper', 42, '2.2', 13),
(306, 'Marcus', 'Rashford', 'Rashford', 'Forward', 174, '3.4', 13),
(307, 'Axel', 'Tuanzebe', 'Tuanzebe', 'Defender', 5, '0.6', 13),
(308, 'Victor', 'Lindelöf', 'Lindelöf', 'Defender', 102, '2.0', 13),
(309, 'Scott', 'McTominay', 'McTominay', 'Midfielder', 91, '1.8', 13),
(310, 'Eric', 'Bailly', 'Bailly', 'Defender', 29, '0.4', 13),
(311, 'Daniel', 'James', 'James', 'Midfielder', 38, '0.6', 13),
(312, 'Timothy', 'Fosu-Mensah', 'Fosu-Mensah', 'Defender', 0, '0.0', 13),
(313, 'Aaron', 'Wan-Bissaka', 'Wan-Bissaka', 'Defender', 144, '3.8', 13),
(314, 'José Diogo', 'Dalot Teixeira', 'Dalot', 'Defender', 0, '0.0', 13),
(315, 'Mason', 'Greenwood', 'Greenwood', 'Forward', 106, '4.8', 13),
(316, 'Tahith', 'Chong', 'Chong', 'Midfielder', 0, '0.0', 13),
(317, 'James', 'Garner', 'Garner', 'Midfielder', 0, '0.0', 13),
(318, 'Brandon', 'Williams', 'Williams', 'Defender', 3, '0.2', 13),
(319, 'Teden', 'Mengi', 'Mengi', 'Defender', 0, '0.0', 13),
(320, 'Andy', 'Carroll', 'Carroll', 'Forward', 30, '0.2', 14),
(321, 'Jonjo', 'Shelvey', 'Shelvey', 'Midfielder', 71, '2.6', 14),
(322, 'Matt', 'Ritchie', 'Ritchie', 'Midfielder', 43, '3.2', 14),
(323, 'Federico', 'Fernández', 'Fernández', 'Defender', 47, '2.0', 14),
(324, 'Ciaran', 'Clark', 'Clark', 'Defender', 46, '0.6', 14),
(325, 'Karl', 'Darlow', 'Darlow', 'Goalkeeper', 80, '0.0', 14),
(326, 'Martin', 'Dubravka', 'Dubravka', 'Goalkeeper', 41, '3.6', 14),
(327, 'Florian', 'Lejeune', 'Lejeune', 'Defender', 0, '0.0', 14),
(328, 'Jamaal', 'Lascelles', 'Lascelles', 'Defender', 44, '0.0', 14),
(329, 'Dwight', 'Gayle', 'Gayle', 'Forward', 30, '1.4', 14),
(330, 'Christian', 'Atsu', 'Atsu', 'Midfielder', 0, '0.0', 14),
(331, 'Paul', 'Dummett', 'Dummett', 'Defender', 32, '3.2', 14),
(332, 'Javier', 'Manquillo', 'Manquillo', 'Defender', 28, '0.0', 14),
(333, 'Emil', 'Krafth', 'Krafth', 'Defender', 39, '2.4', 14),
(334, 'Fabian', 'Schär', 'Schär', 'Defender', 23, '-0.4', 14),
(335, 'DeAndre', 'Yedlin', 'Yedlin', 'Defender', 13, '0.0', 14),
(336, 'Isaac', 'Hayden', 'Hayden', 'Midfielder', 40, '0.0', 14),
(337, 'Rolando', 'Aarons', 'Aarons', 'Midfielder', 0, '0.0', 14),
(338, 'Allan', 'Saint-Maximin', 'Saint-Maximin', 'Midfielder', 82, '2.2', 14),
(339, 'Miguel', 'Almirón', 'Almirón', 'Midfielder', 94, '2.0', 14),
(340, 'Joelinton Cássio', 'Apolinário de Lira', 'Joelinton', 'Forward', 74, '2.0', 14),
(341, 'Yoshinori', 'Muto', 'Muto', 'Forward', 0, '0.0', 14),
(342, 'Kelland', 'Watts', 'Watts', 'Defender', 0, '0.0', 14),
(343, 'Billy', 'Sharp', 'Sharp', 'Forward', 39, '0.0', 15),
(344, 'David', 'McGoldrick', 'McGoldrick', 'Forward', 91, '3.2', 15),
(345, 'Chris', 'Basham', 'Basham', 'Defender', 46, '1.6', 15),
(346, 'John', 'Fleck', 'Fleck', 'Midfielder', 68, '2.4', 15),
(347, 'Enda', 'Stevens', 'Stevens', 'Defender', 45, '2.6', 15),
(348, 'Simon', 'Moore', 'Moore', 'Goalkeeper', 0, '0.0', 15),
(349, 'Oliver', 'Norwood', 'Norwood', 'Midfielder', 51, '2.0', 15),
(350, 'Wes', 'Foderingham', 'Foderingham', 'Goalkeeper', 0, '0.0', 15),
(351, 'George', 'Baldock', 'Baldock', 'Defender', 58, '2.2', 15),
(352, 'Jack', 'Robinson', 'Jack Robinson', 'Defender', 26, '2.6', 15),
(353, 'John', 'Egan', 'Egan', 'Defender', 51, '3.0', 15),
(354, 'Jack', 'O\'Connell', 'O\'Connell', 'Defender', 3, '0.0', 15),
(355, 'John', 'Lundstram', 'Lundstram', 'Midfielder', 48, '0.4', 15),
(356, 'Ben', 'Osborn', 'Osborn', 'Midfielder', 48, '2.2', 15),
(357, 'Oliver', 'McBurnie', 'McBurnie', 'Forward', 44, '0.0', 15),
(358, 'Callum', 'Robinson', 'Callum Robinson', 'Forward', 77, '1.0', 18),
(359, 'Lys', 'Mousset', 'Mousset', 'Forward', 13, '0.2', 15),
(360, 'Sander', 'Berge', 'Berge', 'Midfielder', 31, '0.4', 15),
(361, 'Shane', 'Long', 'Long', 'Forward', 12, '0.0', 16),
(362, 'Ryan', 'Bertrand', 'Bertrand', 'Defender', 78, '0.0', 16),
(363, 'Alex', 'McCarthy', 'McCarthy', 'Goalkeeper', 92, '1.7', 16),
(364, 'Oriol', 'Romeu Vidal', 'Oriol Romeu', 'Midfielder', 51, '0.0', 16),
(365, 'Nathan', 'Redmond', 'Redmond', 'Midfielder', 65, '2.0', 16),
(366, 'Danny', 'Ings', 'Ings', 'Forward', 129, '3.5', 16),
(367, 'Jack', 'Stephens', 'Stephens', 'Defender', 41, '1.3', 16),
(368, 'Stuart', 'Armstrong', 'Armstrong', 'Midfielder', 113, '3.0', 16),
(369, 'Jannik', 'Vestergaard', 'Vestergaard', 'Defender', 85, '0.7', 16),
(370, 'James', 'Ward-Prowse', 'Ward-Prowse', 'Midfielder', 154, '4.5', 16),
(371, 'Angus', 'Gunn', 'Gunn', 'Goalkeeper', 0, '0.0', 16),
(372, 'Sofiane', 'Boufal', 'Boufal', 'Midfielder', 0, '0.0', 16),
(373, 'Harrison', 'Reed', 'Reed', 'Midfielder', 69, '0.8', 8),
(374, 'Josh', 'Sims', 'Sims', 'Midfielder', 0, '0.0', 16),
(375, 'Kyle', 'Walker-Peters', 'Walker-Peters', 'Defender', 93, '2.0', 16),
(376, 'Jan', 'Bednarek', 'Bednarek', 'Defender', 94, '0.7', 16),
(377, 'Che', 'Adams', 'Adams', 'Forward', 137, '4.5', 16),
(378, 'Yan', 'Valery', 'Valery', 'Defender', 3, '0.0', 16),
(379, 'William', 'Smallbone', 'Smallbone', 'Midfielder', 5, '0.0', 16),
(380, 'Jake', 'Vokins', 'Vokins', 'Defender', 1, '0.0', 16),
(381, 'Michael', 'Obafemi', 'Obafemi', 'Forward', 3, '0.3', 16),
(382, 'Moussa', 'Djenepo', 'Djenepo', 'Midfielder', 46, '0.5', 16),
(383, 'Hugo', 'Lloris', 'Lloris', 'Goalkeeper', 147, '4.2', 17),
(384, 'Danny', 'Rose', 'Rose', 'Defender', 0, '0.0', 17),
(385, 'Moussa', 'Sissoko', 'Sissoko', 'Midfielder', 44, '0.2', 17),
(386, 'Toby', 'Alderweireld', 'Alderweireld', 'Defender', 87, '3.2', 17),
(387, 'Erik', 'Lamela', 'Lamela', 'Midfielder', 28, '0.6', 17),
(388, 'Harry', 'Kane', 'Kane', 'Forward', 232, '2.8', 17),
(389, 'Serge', 'Aurier', 'Aurier', 'Defender', 80, '3.4', 17),
(390, 'Heung-Min', 'Son', 'Son', 'Midfielder', 223, '6.8', 17),
(391, 'Eric', 'Dier', 'Dier', 'Defender', 77, '3.0', 17),
(392, 'Lucas', 'Rodrigues Moura da Silva', 'Lucas Moura', 'Midfielder', 79, '1.0', 17),
(393, 'Paulo', 'Gazzaniga', 'Gazzaniga', 'Goalkeeper', 0, '0.0', 17),
(394, 'Bamidele', 'Alli', 'Alli', 'Midfielder', 28, '2.6', 17),
(395, 'Ben', 'Davies', 'Davies', 'Defender', 52, '0.0', 17),
(396, 'Pierre-Emile', 'Højbjerg', 'Højbjerg', 'Midfielder', 105, '4.2', 17),
(397, 'Harry', 'Winks', 'Winks', 'Midfielder', 18, '1.0', 17),
(398, 'Davinson', 'Sánchez', 'Sánchez', 'Defender', 42, '0.0', 17),
(399, 'Ryan', 'Sessegnon', 'Sessegnon', 'Defender', 0, '0.0', 17),
(400, 'Steven', 'Bergwijn', 'Bergwijn', 'Midfielder', 54, '2.8', 17),
(401, 'Gedson', 'Carvalho Fernandes', 'Fernandes', 'Midfielder', 0, '0.0', 17),
(402, 'Japhet', 'Tanganga', 'Tanganga', 'Defender', 14, '1.2', 17),
(403, 'Giovani', 'Lo Celso', 'Lo Celso', 'Midfielder', 35, '2.0', 17),
(404, 'Oliver', 'Skipp', 'Skipp', 'Midfielder', 0, '0.0', 17),
(405, 'Tanguy', 'Ndombele', 'Ndombele', 'Midfielder', 99, '0.8', 17),
(406, 'Juan', 'Foyth', 'Foyth', 'Defender', 0, '0.0', 17),
(407, 'Kieran', 'Gibbs', 'Gibbs', 'Defender', 5, '0.0', 18),
(408, 'Hal', 'Robson-Kanu', 'Robson-Kanu', 'Forward', 22, '1.5', 18),
(409, 'Jake', 'Livermore', 'Livermore', 'Midfielder', 25, '0.2', 18),
(410, 'Kamil', 'Grosicki', 'Grosicki', 'Midfielder', 8, '0.0', 18),
(411, 'Matt', 'Phillips', 'Phillips', 'Midfielder', 67, '1.7', 18),
(412, 'Kyle', 'Bartley', 'Bartley', 'Defender', 78, '1.0', 18),
(413, 'Romaine', 'Sawyers', 'Sawyers', 'Midfielder', 33, '0.0', 18),
(414, 'Ahmed El-Sayed', 'Hegazy', 'Hegazi', 'Defender', 6, '0.0', 18),
(415, 'Charlie', 'Austin', 'Austin', 'Forward', 5, '0.0', 18),
(416, 'Kenneth', 'Zohore', 'Zohore', 'Forward', 0, '0.0', 18),
(417, 'Sam', 'Johnstone', 'Johnstone', 'Goalkeeper', 137, '3.5', 18),
(418, 'Conor', 'Townsend', 'Townsend', 'Midfielder', 75, '2.5', 18),
(419, 'Oluwasemilogo Adesewo Ibidapo', 'Ajayi', 'Ajayi', 'Defender', 50, '1.2', 18),
(420, 'Jonathan', 'Leko', 'Leko', 'Midfielder', 0, '0.0', 18),
(421, 'Kyle', 'Edwards', 'Edwards', 'Forward', 5, '0.0', 18),
(422, 'Darnell', 'Furlong', 'Furlong', 'Defender', 78, '1.0', 18),
(423, 'Sam', 'Field', 'Field', 'Midfielder', 3, '0.0', 18),
(424, 'Oliver', 'Burke', 'Burke', 'Midfielder', 46, '0.8', 15),
(425, 'Dara', 'O\'Shea', 'O\'Shea', 'Defender', 41, '0.5', 18),
(426, 'Rekeem', 'Harper', 'Harper', 'Midfielder', 2, '0.0', 18),
(427, 'Mark', 'Noble', 'Noble', 'Midfielder', 26, '0.4', 19),
(428, 'Robert', 'Snodgrass', 'Snodgrass', 'Midfielder', 14, '0.0', 19),
(429, 'David', 'Martin', 'Martin', 'Goalkeeper', 0, '0.0', 19),
(430, 'Darren', 'Randolph', 'Randolph', 'Goalkeeper', 10, '0.6', 19),
(431, 'Lukasz', 'Fabianski', 'Fabianski', 'Goalkeeper', 124, '1.8', 19),
(432, 'Angelo', 'Ogbonna', 'Ogbonna', 'Defender', 94, '2.2', 19),
(433, 'Roberto', 'Jimenez Gago', 'Roberto', 'Goalkeeper', 0, '0.0', 19),
(434, 'Jack', 'Wilshere', 'Wilshere', 'Midfielder', 0, '0.0', 19),
(435, 'Aaron', 'Cresswell', 'Cresswell', 'Defender', 147, '2.2', 19),
(436, 'Andriy', 'Yarmolenko', 'Yarmolenko', 'Forward', 17, '0.2', 19),
(437, 'Michail', 'Antonio', 'Antonio', 'Forward', 116, '5.2', 19),
(438, 'Ryan', 'Fredericks', 'Fredericks', 'Defender', 28, '0.6', 19),
(439, 'Manuel', 'Lanzini', 'Lanzini', 'Midfielder', 28, '0.8', 19),
(440, 'Felipe Anderson', 'Pereira Gomes', 'Felipe Anderson', 'Midfielder', 2, '0.0', 19),
(441, 'Sébastien', 'Haller', 'Haller', 'Forward', 41, '0.0', 19),
(442, 'Arthur', 'Masuaku', 'Masuaku', 'Defender', 42, '0.0', 19),
(443, 'Fabián', 'Balbuena', 'Balbuena', 'Defender', 39, '-0.2', 19),
(444, 'Jordan', 'Hugill', 'Hugill', 'Forward', 0, '0.0', 19),
(445, 'Jarrod', 'Bowen', 'Bowen', 'Forward', 135, '1.6', 19),
(446, 'Grady', 'Diangana', 'Diangana', 'Midfielder', 38, '0.7', 18),
(447, 'Albian', 'Ajeti', 'Ajeti', 'Forward', 0, '0.0', 19),
(448, 'Declan', 'Rice', 'Rice', 'Midfielder', 78, '0.4', 19),
(449, 'Tomas', 'Soucek', 'Soucek', 'Midfielder', 144, '3.0', 19),
(450, 'Pablo', 'Fornals', 'Fornals', 'Midfielder', 106, '2.0', 19),
(451, 'Issa', 'Diop', 'Diop', 'Defender', 41, '1.4', 19),
(452, 'Ben', 'Johnson', 'Johnson', 'Defender', 25, '0.2', 19),
(453, 'John', 'Ruddy', 'Ruddy', 'Goalkeeper', 4, '0.6', 20),
(454, 'João Filipe Iria', 'Santos Moutinho', 'Moutinho', 'Midfielder', 71, '1.2', 20),
(455, 'Rui Pedro', 'dos Santos Patrício', 'Patrício', 'Goalkeeper', 131, '2.0', 20),
(456, 'Ryan', 'Bennett', 'Bennett', 'Defender', 0, '0.0', 20),
(457, 'Matt', 'Doherty', 'Doherty', 'Defender', 46, '0.2', 17),
(458, 'Willy', 'Boly', 'Boly', 'Defender', 68, '0.4', 20),
(459, 'Conor', 'Coady', 'Coady', 'Defender', 105, '1.2', 20),
(460, 'Raúl', 'Jiménez', 'Jiménez', 'Forward', 43, '0.0', 20),
(461, 'Romain', 'Saïss', 'Saïss', 'Midfielder', 98, '0.6', 20),
(462, 'Jonathan', 'Castro Otto', 'Jonny', 'Defender', 16, '0.0', 20),
(463, 'Léo', 'Bonatini', 'Bonatini', 'Forward', 0, '0.0', 20),
(464, 'Leander', 'Dendoncker', 'Dendoncker', 'Midfielder', 77, '1.6', 20),
(465, 'Adama', 'Traoré', 'Traoré', 'Midfielder', 93, '3.0', 20),
(466, 'Rúben Diogo', 'da Silva Neves', 'Neves', 'Midfielder', 102, '1.6', 20),
(467, 'Oskar', 'Buur', 'Buur', 'Defender', 1, '0.0', 20),
(468, 'Diogo', 'Jota', 'Jota', 'Forward', 85, '2.2', 11),
(469, 'Daniel', 'Castelo Podence', 'Podence', 'Midfielder', 75, '1.0', 20),
(470, 'Max', 'Kilman', 'Kilman', 'Defender', 58, '0.8', 20),
(471, 'Rúben Gonçalo', 'Silva Nascimento Vinagre', 'Vinagre', 'Defender', 1, '0.0', 20),
(472, 'Matija', 'Sarkic', 'Sarkic', 'Goalkeeper', 0, '0.0', 20),
(473, 'Morgan', 'Gibbs-White', 'Gibbs-White', 'Midfielder', 22, '3.2', 20),
(474, 'Pedro', 'Lomba Neto', 'Neto', 'Forward', 124, '0.0', 20),
(475, 'Bruno André', 'Cavaco Jordao', 'Jordao', 'Midfielder', 0, '0.0', 20),
(476, 'Leonardo', 'Campana', 'Campana', 'Forward', 0, '0.0', 20),
(477, 'Luke', 'Freeman', 'Freeman', 'Midfielder', 0, '0.0', 15),
(478, 'Willian', 'Borges Da Silva', 'Willian', 'Midfielder', 78, '2.8', 1),
(479, 'Mohammed', 'Salisu', 'Salisu', 'Defender', 14, '1.2', 16),
(480, 'Sean', 'Longstaff', 'Sean Longstaff', 'Midfielder', 38, '1.4', 14),
(481, 'Matheus', 'Pereira', 'Pereira', 'Forward', 153, '5.5', 18),
(482, 'Joe', 'Hart', 'Hart', 'Goalkeeper', 0, '0.0', 17),
(483, 'Aaron', 'Ramsdale', 'Ramsdale', 'Goalkeeper', 114, '5.4', 15),
(484, 'Antonee', 'Robinson', 'Robinson', 'Defender', 57, '0.5', 8),
(485, 'Jeff', 'Hendrick', 'Hendrick', 'Midfielder', 51, '0.2', 14),
(486, 'Scott', 'Dann', 'Dann', 'Defender', 39, '1.0', 6),
(487, 'Matthew', 'Longstaff', 'Matty Longstaff', 'Midfielder', 10, '0.0', 14),
(488, 'Mark', 'Gillespie', 'Gillespie', 'Goalkeeper', 0, '0.0', 14),
(489, 'Eberechi', 'Eze', 'Eze', 'Midfielder', 125, '5.8', 6),
(490, 'Thiago', 'Silva', 'Thiago Silva', 'Defender', 91, '3.6', 5),
(491, 'Robin', 'Koch', 'Koch', 'Defender', 38, '0.6', 10),
(492, 'Rodrigo', 'Moreno', 'Rodrigo', 'Forward', 81, '5.0', 10),
(493, 'Mario', 'Lemina', 'Lemina', 'Midfielder', 55, '1.0', 8),
(494, 'Gabriel', 'Magalhães', 'Gabriel', 'Defender', 72, '3.4', 1),
(495, 'Donny', 'van de Beek', 'van de Beek', 'Midfielder', 27, '0.8', 13),
(496, 'Matthew', 'Cash', 'Cash', 'Defender', 89, '0.1', 2),
(497, 'Jacob', 'Murphy', 'Murphy', 'Midfielder', 66, '2.8', 14),
(498, 'Timothy', 'Castagne', 'Castagne', 'Defender', 94, '4.2', 9),
(499, 'Cedric', 'Kipre', 'Kipre', 'Defender', 0, '0.0', 18),
(500, 'Kai', 'Havertz', 'Havertz', 'Midfielder', 90, '3.6', 5),
(501, 'Daniel', 'Ceballos Fernández', 'Ceballos', 'Midfielder', 62, '1.2', 1),
(502, 'Allan', 'Marques Loureiro', 'Allan', 'Midfielder', 45, '2.3', 7),
(503, 'Christian', 'Walton', 'Walton', 'Goalkeeper', 0, '0.0', 3),
(504, 'Fabio', 'Silva', 'Fabio Silva', 'Forward', 67, '3.6', 20),
(505, 'Fernando', 'Marçal', 'Marçal', 'Defender', 18, '0.0', 20),
(506, 'Callum', 'Wilson', 'Wilson', 'Forward', 134, '3.2', 14),
(507, 'Ryan', 'Fraser', 'Fraser', 'Midfielder', 39, '0.0', 14),
(508, 'James', 'Rodríguez', 'Rodríguez', 'Midfielder', 101, '0.7', 7),
(509, 'Ethan', 'Ampadu', 'Ampadu', 'Defender', 44, '0.0', 15),
(510, 'Jayden', 'Bogle', 'Bogle', 'Defender', 39, '1.8', 15),
(511, 'Max', 'Lowe', 'Lowe', 'Defender', 9, '0.0', 15),
(512, 'Abdoulaye', 'Doucouré', 'Doucouré', 'Midfielder', 79, '1.3', 7),
(513, 'Jamal', 'Lewis', 'Lewis', 'Defender', 44, '0.2', 14),
(514, 'Ollie', 'Watkins', 'Watkins', 'Forward', 166, '4.4', 2),
(515, 'Vitor', 'Ferreira', 'Vitinha', 'Midfielder', 26, '1.6', 20),
(516, 'Alphonse', 'Areola', 'Areola', 'Goalkeeper', 124, '2.2', 8),
(517, 'Kenny', 'Tete', 'Tete', 'Defender', 50, '0.5', 8),
(518, 'Nampalys', 'Mendy', 'Mendy', 'Midfielder', 39, '0.2', 9),
(519, 'Jimmy', 'Dunne', 'Dunne', 'Defender', 8, '0.0', 4),
(520, 'Bobby', 'Thomas', 'Thomas', 'Defender', 0, '0.0', 4),
(521, 'Cameron', 'Carter-Vickers', 'Carter-Vickers', 'Defender', 0, '0.0', 17),
(522, 'Sam', 'Woods', 'Woods', 'Defender', 0, '0.0', 6),
(523, 'Fraser', 'Forster', 'Forster', 'Goalkeeper', 30, '1.7', 16),
(524, 'Nathan', 'Tella', 'Tella', 'Midfielder', 35, '3.2', 16),
(525, 'Denis', 'Odoi', 'Odoi', 'Defender', 1, '0.0', 8),
(526, 'Mohamed Naser', 'El Sayed Elneny', 'Elneny', 'Midfielder', 50, '3.4', 1),
(527, 'Matt', 'Macey', 'Macey', 'Goalkeeper', 0, '0.0', 1),
(528, 'Jason', 'Steele', 'Steele', 'Goalkeeper', 0, '0.0', 3),
(529, 'Phil', 'Jagielka', 'Jagielka', 'Defender', 4, '0.0', 15),
(530, 'Branislav', 'Ivanovic', 'Ivanovic', 'Defender', 20, '0.0', 18),
(531, 'Thiago', 'Alcántara do Nascimento', 'Thiago', 'Midfielder', 52, '3.8', 11),
(532, 'Elia', 'Caprile', 'Caprile', 'Goalkeeper', 0, '0.0', 10),
(533, 'Mateusz', 'Bogusz', 'Bogusz', 'Midfielder', 0, '0.0', 10),
(534, 'Ryan', 'Inniss', 'Inniss', 'Defender', 0, '0.0', 6),
(535, 'Josh', 'Benson', 'Benson', 'Midfielder', 10, '0.0', 4),
(536, 'Anthony', 'Driscoll-Glennon', 'Driscoll-Glennon', 'Defender', 0, '0.0', 4),
(537, 'Adrián', 'Bernabé', 'Bernabé', 'Midfielder', 0, '0.0', 12),
(538, 'Zack', 'Steffen', 'Steffen', 'Goalkeeper', 2, '0.0', 12),
(539, 'Liam', 'Delap', 'Delap', 'Midfielder', 1, '0.0', 12),
(540, 'Bertrand', 'Traoré', 'Traoré', 'Forward', 122, '3.6', 2),
(541, 'Cengiz', 'Ünder', 'Ünder', 'Midfielder', 16, '0.0', 9),
(542, 'Sergio', 'Reguilón', 'Reguilón', 'Defender', 88, '3.8', 17),
(543, 'Gareth', 'Bale', 'Bale', 'Midfielder', 100, '8.0', 17),
(544, 'Conor', 'Gallagher', 'Gallagher', 'Midfielder', 70, '1.3', 18),
(545, 'Ki-Jana', 'Hoever', 'Hoever', 'Defender', 13, '0.6', 20),
(546, 'Nélson', 'Cabral Semedo', 'Semedo', 'Defender', 101, '2.0', 20),
(547, 'Rúnar Alex', 'Rúnarsson', 'Rúnarsson', 'Goalkeeper', 1, '0.0', 1),
(548, 'Edouard', 'Mendy', 'Mendy', 'Goalkeeper', 139, '4.8', 5),
(549, 'Diego', 'Llorente', 'Llorente', 'Defender', 50, '3.6', 10),
(550, 'Jayson', 'Molumby', 'Molumby', 'Midfielder', 1, '0.0', 3),
(551, 'Mace', 'Goodridge', 'Goodridge', 'Midfielder', 0, '0.0', 4),
(552, 'Cole', 'Palmer', 'Palmer', 'Midfielder', 0, '0.0', 12),
(553, 'Meritan', 'Shabani', 'Shabani', 'Midfielder', 0, '0.0', 20),
(554, 'Jacob', 'Ramsey', 'Ramsey', 'Midfielder', 27, '1.0', 2),
(555, 'Filip', 'Krovinovic', 'Krovinovic', 'Midfielder', 17, '0.0', 18),
(556, 'Rúben Santos', 'Gato Alves Dias', 'Dias', 'Defender', 137, '0.8', 12),
(557, 'Ademola', 'Lookman', 'Lookman', 'Forward', 105, '1.5', 8),
(558, 'Vladimir', 'Coufal', 'Coufal', 'Defender', 118, '3.0', 19),
(559, 'Niels', 'Nkounkou', 'Nkounkou', 'Defender', 1, '0.0', 7),
(560, 'Caoimhin', 'Kelleher', 'Kelleher', 'Goalkeeper', 10, '0.0', 11),
(561, 'Wesley', 'Fofana', 'Fofana', 'Defender', 70, '1.8', 9),
(562, 'Ola', 'Aina', 'Aina', 'Defender', 102, '0.2', 8),
(563, 'Rayan', 'Ait Nouri', 'Ait Nouri', 'Defender', 54, '1.2', 20),
(564, 'Carlos Vinicius', 'Alves Morais', 'Carlos Vinicius', 'Forward', 13, '0.0', 17),
(565, 'Ibrahima', 'Diallo', 'Diallo', 'Midfielder', 30, '0.8', 16),
(566, 'Ben', 'Godfrey', 'Godfrey', 'Defender', 100, '6.0', 7),
(567, 'Thomas', 'Partey', 'Partey', 'Midfielder', 44, '1.4', 1),
(568, 'Alex Nicolao', 'Telles', 'Telles', 'Defender', 23, '0.2', 13),
(569, 'Edinson', 'Cavani', 'Cavani', 'Forward', 99, '4.2', 13),
(570, 'Raphael', 'Dias Belloli', 'Raphinha', 'Midfielder', 128, '2.6', 10),
(571, 'Joachim', 'Andersen', 'Andersen', 'Defender', 93, '0.8', 8),
(572, 'Tosin', 'Adarabioyo', 'Adarabioyo', 'Defender', 99, '1.2', 8),
(573, 'Robin', 'Olsen', 'Olsen', 'Goalkeeper', 25, '0.0', 7),
(574, 'Andi', 'Zeqiri', 'Zeqiri', 'Forward', 9, '0.6', 3),
(575, 'Facundo', 'Pellistri', 'Pellistri', 'Midfielder', 0, '0.0', 13),
(576, 'Craig', 'Dawson', 'Dawson', 'Defender', 69, '1.2', 19),
(577, 'Nathaniel', 'Clyne', 'Clyne', 'Defender', 28, '0.0', 6),
(578, 'Stephen', 'Henderson', 'Henderson', 'Goalkeeper', 0, '0.0', 6),
(579, 'Islam', 'Slimani', 'Slimani', 'Forward', 1, '0.0', 9),
(580, 'Michael', 'Verrips', 'Verrips', 'Goalkeeper', 0, '0.0', 15),
(581, 'Owen', 'Otasowie', 'Otasowie', 'Midfielder', 9, '0.4', 20),
(582, 'Karlan', 'Grant', 'Grant', 'Forward', 40, '0.5', 18),
(583, 'Will', 'Norris', 'Norris', 'Goalkeeper', 1, '0.2', 4),
(584, 'Joe', 'Rodon', 'Rodon', 'Defender', 26, '0.0', 17),
(585, 'Terence', 'Kongolo', 'Kongolo', 'Defender', 2, '0.0', 8),
(586, 'Jack', 'Butland', 'Butland', 'Goalkeeper', 2, '0.3', 6),
(587, 'Saïd', 'Benrahma', 'Benrahma', 'Forward', 72, '4.6', 19),
(588, 'Danny', 'Welbeck', 'Welbeck', 'Forward', 89, '5.2', 3),
(589, 'Nathaniel', 'Phillips', 'Phillips', 'Defender', 62, '5.0', 11),
(590, 'Daniel', 'N\'Lundulu', 'N\'Lundulu', 'Forward', 13, '0.2', 16),
(591, 'Max', 'Thompson', 'Thompson', 'Forward', 0, '0.0', 4),
(592, 'Lewis', 'Richardson', 'Richardson', 'Midfielder', 2, '0.0', 4),
(593, 'Karlo', 'Ziger', 'Ziger', 'Goalkeeper', 0, '0.0', 5),
(594, 'Rhys', 'Williams', 'Rhys Williams', 'Defender', 22, '3.2', 11),
(595, 'James', 'Trafford', 'Trafford', 'Goalkeeper', 0, '0.0', 12),
(596, 'Ellis', 'Simms', 'Simms', 'Forward', 0, '0.0', 7),
(597, 'Robert', 'Sánchez', 'Sánchez', 'Goalkeeper', 99, '2.2', 3),
(598, 'Kayne', 'Ramsay', 'Ramsay', 'Defender', -3, '0.0', 16),
(599, 'Jack', 'Jenkins', 'Jenkins', 'Midfielder', 0, '0.0', 10),
(600, 'Lee', 'Peltier', 'Peltier', 'Defender', 2, '0.0', 18),
(601, 'Leighton', 'Clarkson', 'Clarkson', 'Midfielder', 0, '0.0', 11),
(602, 'Elliot', 'Anderson', 'Anderson', 'Midfielder', 1, '0.0', 14),
(603, 'Kean', 'Bryan', 'Bryan', 'Defender', 29, '1.6', 15),
(604, 'Lee', 'Grant', 'Grant', 'Goalkeeper', 0, '0.0', 13),
(605, 'Faustino', 'Anjorin', 'Anjorin', 'Midfielder', 0, '0.0', 5),
(606, 'Daniel', 'Langley', 'Langley', 'Goalkeeper', 0, '0.0', 14),
(607, 'Jake', 'Cain', 'Cain', 'Midfielder', 0, '0.0', 11),
(608, 'Scott', 'Carson', 'Carson', 'Goalkeeper', 7, '1.4', 12),
(609, 'Felix', 'Nmecha', 'Nmecha', 'Midfielder', 0, '0.0', 12),
(610, 'Theo', 'Corbeanu', 'Corbeanu', 'Forward', 1, '0.2', 20),
(611, 'Taylor', 'Perry', 'Perry', 'Midfielder', 0, '0.0', 20),
(612, 'Anthony', 'Mancini', 'Mancini', 'Midfielder', 0, '0.0', 4),
(613, 'Joel', 'Mumbongo', 'Mumbongo', 'Forward', 3, '0.0', 4),
(614, 'Luke', 'Cundle', 'Cundle', 'Midfielder', 0, '0.0', 20),
(615, 'Lewis', 'Richards', 'Richards', 'Defender', 0, '0.0', 20),
(616, 'Christian', 'Marques', 'Marques', 'Defender', 0, '0.0', 20),
(617, 'Andreas', 'Söndergaard', 'Söndergaard', 'Goalkeeper', 0, '0.0', 20),
(618, 'Antwoine', 'Hackford', 'Hackford', 'Forward', 1, '0.0', 15),
(619, 'Niall', 'Huggins', 'Huggins', 'Defender', 1, '0.0', 10),
(620, 'Charlie', 'Cresswell', 'Cresswell', 'Defender', 0, '0.0', 10),
(621, 'Cheikh', 'Diaby', 'Diaby', 'Forward', 0, '0.0', 18),
(622, 'Luke', 'Mbete', 'Mbete', 'Defender', 0, '0.0', 12),
(623, 'Taylor', 'Harwood-Bellis', 'Harwood-Bellis', 'Defender', 0, '0.0', 12),
(624, 'Kgaogelo', 'Chauke', 'Chauke', '', 0, '0.0', 16),
(625, 'Harry', 'Lewis', 'Lewis', '', 0, '0.0', 16),
(626, 'Patrick', 'Cutrone', 'Cutrone', '', 2, '0.0', 20),
(627, 'Percy', 'Tau', 'Tau', '', 7, '0.8', 3),
(628, 'Jakub', 'Moder', 'Moder', '', 19, '1.6', 3),
(629, 'Nigel', 'Lonwijk', 'Lonwijk', '', 0, '0.0', 20),
(630, 'Reda', 'Khadra', 'Khadra', '', 1, '0.0', 3),
(631, 'Teddy', 'Jenks', 'Jenks', '', 0, '0.0', 3),
(632, 'Max', 'Sanders', 'Sanders', '', 0, '0.0', 3),
(633, 'Jensen', 'Weir', 'Weir', '', 0, '0.0', 3),
(634, 'Will', 'Ferry', 'Ferry', '', 0, '0.0', 16),
(635, 'Allan', 'Tchaptchet', 'Tchaptchet', '', 0, '0.0', 16),
(636, 'Caleb', 'Watts', 'Watts', '', 2, '0.0', 16),
(637, 'Frederik', 'Alves', 'Alves', '', 0, '0.0', 19),
(638, 'Ademipo', 'Odubeko', 'Odubeko', '', 0, '0.0', 19),
(639, 'Andy', 'Lonergan', 'Lonergan', '', 0, '0.0', 18),
(640, 'Amad', 'Diallo', 'Diallo', '', 6, '1.2', 13),
(641, 'Jean-Philippe', 'Mateta', 'Mateta', '', 15, '0.3', 6),
(642, 'Willian José', 'Da Silva', 'Willian José', '', 38, '1.0', 20),
(643, 'Alexandre', 'Jankewitz', 'Jankewitz', '', -1, '0.0', 16),
(644, 'Tyler', 'Onyango', 'Onyango', '', 0, '0.0', 7),
(645, 'Martin', 'Ødegaard', 'Ødegaard', '', 34, '2.2', 1),
(646, 'Kyron', 'Gordon', 'Gordon', '', 0, '0.0', 15),
(647, 'Morgan', 'Sanson', 'Sanson', '', 10, '0.0', 2),
(648, 'Mbaye', 'Diagne', 'Diagne', '', 57, '2.8', 18),
(649, 'Hugo', 'Bueno', 'Bueno', '', 0, '0.0', 20),
(650, 'Alfie', 'Devine', 'Devine', '', 0, '0.0', 17),
(651, 'Joshua', 'King', 'King', '', 11, '0.3', 7),
(652, 'Ozan', 'Kabak', 'Kabak', '', 26, '0.2', 11),
(653, 'Ben', 'Davies', 'Davies', '', 0, '0.0', 11),
(654, 'Okay', 'Yokuslu', 'Yokuslu', '', 32, '1.5', 18),
(655, 'Ryan', 'Finnigan', 'Finnigan', '', 0, '0.0', 16),
(656, 'Iliman', 'Ndiaye', 'Ndiaye', '', 1, '0.0', 15),
(657, 'Zak', 'Brunt', 'Brunt', '', 0, '0.0', 15),
(658, 'Richard', 'Nartey', 'Nartey', '', 0, '0.0', 4),
(659, 'Claudio', 'Gomes', 'Gomes', '', 0, '0.0', 12),
(660, 'Vontae', 'Daley-Campbell', 'Daley-Campbell', '', 0, '0.0', 9),
(661, 'Thakgalo', 'Leshabela', 'Leshabela', '', 1, '0.0', 9),
(662, 'Thomas', 'McGill', 'McGill', '', 0, '0.0', 3),
(663, 'Michal', 'Karbownik', 'Karbownik', '', 0, '0.0', 3),
(664, 'Moisés', 'Caicedo', 'Caicedo', '', 0, '0.0', 3),
(665, 'Josh', 'Maja', 'Maja', '', 39, '1.0', 8),
(666, 'Dane', 'Scarlett', 'Scarlett', '', 1, '0.0', 17),
(667, 'Joe', 'Gelhardt', 'Gelhardt', '', 0, '0.0', 10),
(668, 'Conor', 'Coventry', 'Coventry', '', 0, '0.0', 19),
(669, 'Jamal', 'Baptiste', 'Baptiste', '', 0, '0.0', 19),
(670, 'Frankie', 'Maguire', 'Maguire', '', 0, '0.0', 15),
(671, 'Kaine', 'Hayden', 'Hayden', '', 0, '0.0', 2),
(672, 'Carney', 'Chukwuemeka', 'Chukwuemeka', '', 1, '0.1', 2),
(673, 'Shola', 'Shoretire', 'Shoretire', '', 1, '0.0', 13),
(674, 'Nathan', 'Trott', 'Trott', '', 0, '0.0', 19),
(675, 'Reece', 'Hannam', 'Hannam', '', 0, '0.0', 6),
(676, 'Sidnei', 'Tavares', 'Tavares', '', 3, '0.0', 9),
(677, 'Liam', 'Hughes', 'Hughes', '', 0, '0.0', 11),
(678, 'Jakub', 'Ojrzynski', 'Ojrzynski', '', 0, '0.0', 11),
(679, 'Kyle', 'John', 'John', '', 0, '0.0', 7),
(680, 'Nathan', 'Broadhead', 'Broadhead', '', 1, '0.0', 7),
(681, 'Ryan', 'Astley', 'Astley', '', 0, '0.0', 7),
(682, 'Harry', 'Tyrer', 'Tyrer', '', 0, '0.0', 7),
(683, 'Jaden', 'Philogene-Bidace', 'Philogene-Bidace', '', 1, '0.1', 2),
(684, 'Shane', 'Flynn', 'Flynn', '', 0, '0.0', 9),
(685, 'Gaetano', 'Berardi', 'Berardi', '', 1, '0.2', 10),
(686, 'Nathan', 'Bishop', 'Bishop', '', 0, '0.0', 13),
(687, 'Thanawat', 'Suengchitthawon', 'Suengchitthawon', '', 0, '0.0', 9),
(688, 'Jesurun', 'Rak-Sakyi', 'Rak-Sakyi', '', 0, '0.0', 6),
(689, 'Miguel', 'Azeez', 'Azeez', '', 0, '0.0', 1),
(690, 'Reece', 'Welch', 'Welch', '', 0, '0.0', 7),
(691, 'Isaac', 'Price', 'Price', '', 0, '0.0', 7),
(692, 'Sam', 'Greenwood', 'Greenwood', '', 0, '0.0', 10),
(693, 'Crysencio', 'Summerville', 'Summerville', '', 0, '0.0', 10),
(694, 'Cody', 'Drameh', 'Drameh', '', 0, '0.0', 10),
(695, 'Fabio', 'Carvalho', 'Carvalho', '', 10, '2.5', 8),
(696, 'Ben', 'Woodburn', 'Woodburn', '', 0, '0.0', 11),
(697, 'Billy', 'Koumetio', 'Koumetio', '', 0, '0.0', 11),
(698, 'Valentino', 'Livramento', 'Livramento', '', 0, '0.0', 5),
(699, 'Daniel', 'Jebbison', 'Jebbison', '', 10, '3.3', 15),
(700, 'Caleb', 'Taylor', 'Taylor', '', 0, '0.0', 18),
(701, 'Taylor', 'Gardner-Hickman', 'Gardner-Hickman', '', 0, '0.0', 18),
(702, 'Anthony', 'Elanga', 'Elanga', '', 2, '0.5', 13),
(703, 'Tawanda', 'Maswanhise', 'Maswanhise', '', 0, '0.0', 9),
(704, 'Harry', 'Boyes', 'Boyes', '', 0, '0.0', 15),
(705, 'Femi', 'Seriki', 'Seriki', '', 1, '1.0', 15),
(706, 'Toby', 'King', 'King', '', 0, '0.0', 18);

-- --------------------------------------------------------

--
-- Table structure for table `teams`
--

CREATE TABLE `teams` (
  `teamID` int(11) NOT NULL,
  `name` varchar(50) NOT NULL,
  `logo` varchar(100) NOT NULL
) ENGINE=InnoDB DEFAULT CHARSET=utf8mb4;

--
-- Dumping data for table `teams`
--

INSERT INTO `teams` (`teamID`, `name`, `logo`) VALUES
(0, 'General', 'images/team_logos/general_logo.png'),
(1, 'Arsenal', 'images/team_logos/Arsenal_logo.png'),
(2, 'Aston Villa', 'images/team_logos/Aston_Villa_logo.png'),
(3, 'Brighton and Hove Albion', 'images/team_logos/Brighton_logo.png'),
(4, 'Burnley', 'images/team_logos/Burnley_logo.png'),
(5, 'Chelsea', 'images/team_logos/Chelsea_logo.png'),
(6, 'Crystal Palace', 'images/team_logos/Crystal_Palace_logo.png'),
(7, 'Everton', 'images/team_logos/Everton_logo.png'),
(8, 'Fulham', 'images/team_logos/Fulham_logo.png'),
(9, 'Leicester City', 'images/team_logos/Leicester_City_logo.png'),
(10, 'Leeds United', 'images/team_logos/Leeds_United_logo.png'),
(11, 'Liverpool', 'images/team_logos/Liverpool_logo.png'),
(12, 'Manchester City', 'images/team_logos/Manchester_City_logo.png'),
(13, 'Manchester United', 'images/team_logos/Manchester_United_logo.png'),
(14, 'Newcastle United', 'images/team_logos/Newcastle_United_logo.png'),
(15, 'Sheffield United', 'images/team_logos/Sheffield_United_logo.png'),
(16, 'Southampton', 'images/team_logos/Southampton_logo.png'),
(17, 'Tottenham Hotspur', 'images/team_logos/Tottenham_Hotspur_logo.png'),
(18, 'West Bromwich Albion', 'images/team_logos/West_Brom_logo.png'),
(19, 'West Ham United', 'images/team_logos/West_Ham_United_logo.png'),
(20, 'Wolverhampton Wanderers', 'images/team_logos/Wolverhampton_Wanderers_logo.png');

-- --------------------------------------------------------

--
-- Table structure for table `users`
--

CREATE TABLE `users` (
  `username` varchar(20) NOT NULL,
  `FName` varchar(50) NOT NULL,
  `LName` varchar(50) NOT NULL,
  `email` varchar(50) NOT NULL,
  `password` varchar(16) NOT NULL,
  `teamID` int(11) NOT NULL,
  `FteamID` int(11) DEFAULT NULL,
  `AccountType` varchar(30) NOT NULL
) ENGINE=InnoDB DEFAULT CHARSET=latin1;

--
-- Dumping data for table `users`
--

INSERT INTO `users` (`username`, `FName`, `LName`, `email`, `password`, `teamID`, `FteamID`, `AccountType`) VALUES
('Adam_J84', 'Adam', 'Jacobs', 'adamj@gmail.com', '123', 1, NULL, 'Member'),
('admin', 'Admin', '', 'admin@test.com', 'root', 17, 1, 'Admin'),
('AF_Claude', 'Claude', 'Callegari', 'claude@timetogo.com', '123', 1, NULL, 'Member'),
('AF_DT', 'Donald', 'Tooke', 'dt@dosser.com', '123', 1, NULL, 'Member'),
('bakes99', 'nick', 'baker', 'ngbaker99@gmail.com', '123', 17, NULL, 'Member'),
('Bakess99', 'Nick', 'Baker', 'ngbaker99@gmail.com', 'password123', 17, 4, 'Member'),
('bobbyM', 'Bob', 'Marley', 'bobmarley@gmail.com', '123', 1, 9, 'Member'),
('Bsmith9', 'Bob', 'Smith', 'bobsmith@gmail.com', '123', 10, NULL, 'Member'),
('dfsd', 'fdsf', 'dsfsd', 'fsdfd', '123', 14, NULL, 'Member'),
('dfsdf', 'dfsdf', 'dsf', 'fdsfds', 'dsfsd', 17, NULL, 'Member'),
('DonRobbie', 'Robbie', 'Lyle', 'donrob@gmail.com', '123', 1, NULL, 'Member'),
('fdsfsd', 'rwer', 'fdsfds', 'fsdfsd', '1234', 17, NULL, 'Member'),
('fgefgfd', 'fghdfg', 'fgd`', 'fgdgfd', '123', 18, 14, 'Member'),
('fsdfds', 'fsdfds', 'fsdfsd', 'fdfsfsd', '123', 16, 15, 'Member'),
('gazza1', 'Gary', 'Nevile', 'gnevile@gmail.com', '123', 13, NULL, 'Member'),
('Gbale1', 'Gareth', 'Bale', 'gazzabale@gmail.com', '123', 17, 12, 'Member'),
('hazzaKane10', 'Harry', 'Kane', 'kane@spurs.com', '123', 17, NULL, 'Member'),
('Jsmith1', 'John', 'Smith', 'johnsmith@gmail.com', '123', 18, 8, 'Member'),
('LammyT', 'Sam', 'Lambert', 'sam@gmail.com', '123', 17, NULL, 'Member'),
('On a Break', 'Ross', 'Geller', 'rgeller@gmail.com', '123', 5, 11, 'Member'),
('smithyBoy', 'James', 'Smith', 'jamessmith@gmail.com', '123', 12, 10, 'Member'),
('test', 'Test', 'Account', 'test@email.com', 'pass123', 8, 5, 'Member'),
('test123', 'test', 'account', 'test@email.com', '123', 11, 16, 'Member'),
('test1234', 'test', 'account', 'test@email.com', '123', 17, NULL, 'Member'),
('test2', 'Another', 'Test', 'test2@email.com', 'pass123', 15, 6, 'Member'),
('test3', 'Long-Test-Name', 'Long', 'test3@email.com', 'pass123', 3, 7, 'Member'),
('test5', 'Test', '5', 'test5@gmail.com', '123', 10, 13, 'Member'),
('testMod', 'Test', 'Moderator', 'testMod@email.com', 'test', 17, NULL, 'Moderator'),
('Troopz', 'Dat', 'Troopz', 'troopz@faker.com', '123', 1, NULL, 'Member');

--
-- Indexes for dumped tables
--

--
-- Indexes for table `banned_users`
--
ALTER TABLE `banned_users`
  ADD PRIMARY KEY (`username`,`bannedBy`,`date`),
  ADD KEY `bannedUser` (`username`),
  ADD KEY `bannedByUser` (`bannedBy`);

--
-- Indexes for table `fantasy_teams`
--
ALTER TABLE `fantasy_teams`
  ADD PRIMARY KEY (`FteamID`),
  ADD KEY `p1` (`p1`),
  ADD KEY `p2` (`p2`),
  ADD KEY `p3` (`p3`),
  ADD KEY `p4` (`p4`),
  ADD KEY `p5` (`p5`),
  ADD KEY `p6` (`p6`),
  ADD KEY `p7` (`p7`),
  ADD KEY `p8` (`p8`),
  ADD KEY `p9` (`p9`),
  ADD KEY `p10` (`p10`),
  ADD KEY `p11` (`p11`);

--
-- Indexes for table `messages`
--
ALTER TABLE `messages`
  ADD PRIMARY KEY (`messageID`),
  ADD KEY `user` (`username`),
  ADD KEY `teamID` (`teamID`);

--
-- Indexes for table `players`
--
ALTER TABLE `players`
  ADD PRIMARY KEY (`playerID`),
  ADD KEY `teamID` (`teamID`);

--
-- Indexes for table `teams`
--
ALTER TABLE `teams`
  ADD PRIMARY KEY (`teamID`);

--
-- Indexes for table `users`
--
ALTER TABLE `users`
  ADD PRIMARY KEY (`username`),
  ADD KEY `team` (`teamID`),
  ADD KEY `Fteam` (`FteamID`);

--
-- AUTO_INCREMENT for dumped tables
--

--
-- AUTO_INCREMENT for table `fantasy_teams`
--
ALTER TABLE `fantasy_teams`
  MODIFY `FteamID` int(11) NOT NULL AUTO_INCREMENT, AUTO_INCREMENT=17;

--
-- AUTO_INCREMENT for table `messages`
--
ALTER TABLE `messages`
  MODIFY `messageID` int(11) NOT NULL AUTO_INCREMENT, AUTO_INCREMENT=89;

--
-- AUTO_INCREMENT for table `teams`
--
ALTER TABLE `teams`
  MODIFY `teamID` int(11) NOT NULL AUTO_INCREMENT, AUTO_INCREMENT=2002;

--
-- Constraints for dumped tables
--

--
-- Constraints for table `banned_users`
--
ALTER TABLE `banned_users`
  ADD CONSTRAINT `bannedByUser` FOREIGN KEY (`bannedBy`) REFERENCES `users` (`username`),
  ADD CONSTRAINT `bannedUser` FOREIGN KEY (`username`) REFERENCES `users` (`username`);

--
-- Constraints for table `fantasy_teams`
--
ALTER TABLE `fantasy_teams`
  ADD CONSTRAINT `p1` FOREIGN KEY (`p1`) REFERENCES `players` (`playerID`),
  ADD CONSTRAINT `p10` FOREIGN KEY (`p10`) REFERENCES `players` (`playerID`),
  ADD CONSTRAINT `p11` FOREIGN KEY (`p11`) REFERENCES `players` (`playerID`),
  ADD CONSTRAINT `p2` FOREIGN KEY (`p2`) REFERENCES `players` (`playerID`),
  ADD CONSTRAINT `p3` FOREIGN KEY (`p3`) REFERENCES `players` (`playerID`),
  ADD CONSTRAINT `p4` FOREIGN KEY (`p4`) REFERENCES `players` (`playerID`),
  ADD CONSTRAINT `p5` FOREIGN KEY (`p5`) REFERENCES `players` (`playerID`),
  ADD CONSTRAINT `p6` FOREIGN KEY (`p6`) REFERENCES `players` (`playerID`),
  ADD CONSTRAINT `p7` FOREIGN KEY (`p7`) REFERENCES `players` (`playerID`),
  ADD CONSTRAINT `p8` FOREIGN KEY (`p8`) REFERENCES `players` (`playerID`),
  ADD CONSTRAINT `p9` FOREIGN KEY (`p9`) REFERENCES `players` (`playerID`);

--
-- Constraints for table `messages`
--
ALTER TABLE `messages`
  ADD CONSTRAINT `messages_ibfk_1` FOREIGN KEY (`teamID`) REFERENCES `teams` (`teamID`),
  ADD CONSTRAINT `user` FOREIGN KEY (`username`) REFERENCES `users` (`username`);

--
-- Constraints for table `players`
--
ALTER TABLE `players`
  ADD CONSTRAINT `teamID` FOREIGN KEY (`teamID`) REFERENCES `teams` (`teamID`);

--
-- Constraints for table `users`
--
ALTER TABLE `users`
  ADD CONSTRAINT `Fteam` FOREIGN KEY (`FteamID`) REFERENCES `fantasy_teams` (`FteamID`),
  ADD CONSTRAINT `team` FOREIGN KEY (`teamID`) REFERENCES `teams` (`teamID`);
COMMIT;

/*!40101 SET CHARACTER_SET_CLIENT=@OLD_CHARACTER_SET_CLIENT */;
/*!40101 SET CHARACTER_SET_RESULTS=@OLD_CHARACTER_SET_RESULTS */;
/*!40101 SET COLLATION_CONNECTION=@OLD_COLLATION_CONNECTION */;
